uid,topic,kind,d,level,concept,angle,url,tags,pair_uid,outdated_ref,code_mode
net-types-01,1.1 Types and Memory,qa,d1,junior,passing a reference type by value shares the object,scenario,https://learn.microsoft.com/en-us/dotnet/csharp/language-reference/keywords/method-parameters,,net-types-04,,none
net-types-02,1.1 Types and Memory,qa,d1,junior,"string immutability: += creates a new object, aliases keep old",code-read,https://learn.microsoft.com/en-us/dotnet/csharp/programming-guide/strings/,,,,run
net-types-03,1.1 Types and Memory,qa,d1,junior,decimal rather than double for currency amounts,why,https://learn.microsoft.com/en-us/dotnet/csharp/language-reference/builtin-types/floating-point-numeric-types,,,,none
net-types-04,1.1 Types and Memory,qa,d1,junior,ref parameter lets the callee replace the caller's reference,code-read,https://learn.microsoft.com/en-us/dotnet/csharp/language-reference/keywords/method-parameters,,net-types-01,,run
net-types-05,1.1 Types and Memory,qa,d1,junior,casting a null int? to int throws,scenario,https://learn.microsoft.com/en-us/dotnet/csharp/language-reference/builtin-types/nullable-value-types,,,,none
net-types-06,1.1 Types and Memory,mcq,d1,junior,out versus ref: initialization and assignment rules,contrast,https://learn.microsoft.com/en-us/dotnet/csharp/language-reference/keywords/method-parameters,,,,none
net-types-07,1.1 Types and Memory,mcq,d1,junior,hidden boxing when a struct is converted to an interface,scenario,https://learn.microsoft.com/en-us/dotnet/csharp/programming-guide/types/boxing-and-unboxing,,,,none
net-types-08,1.1 Types and Memory,mcq,d1,junior,mutating a struct element through a List indexer (CS1612),code-read,https://learn.microsoft.com/en-us/dotnet/csharp/language-reference/compiler-messages/cs1612,,,,error:CS1612
net-types-09,1.1 Types and Memory,mcq,d1,junior,StringBuilder for repeated concatenation in a loop,trade-off,https://learn.microsoft.com/en-us/dotnet/standard/base-types/stringbuilder,,,,none
net-types-10,1.1 Types and Memory,qa,d2,mid,value types are not always on the stack,contrast,https://learn.microsoft.com/en-us/dotnet/standard/design-guidelines/choosing-between-class-and-struct,,,,none
net-types-11,1.1 Types and Memory,qa,d2,mid,overriding Equals without GetHashCode breaks dictionary lookups,scenario,https://learn.microsoft.com/en-us/dotnet/api/system.object.gethashcode?view=net-8.0,,,,none
net-types-12,1.1 Types and Memory,qa,d2,mid,Span<T> is a ref struct: no class fields; use Memory<T>,code-read,https://learn.microsoft.com/en-us/dotnet/csharp/language-reference/builtin-types/ref-struct,,,,error:CS8345
net-types-13,1.1 Types and Memory,mcq,d2,mid,public const baked into callers across assemblies,scenario,https://learn.microsoft.com/en-us/dotnet/csharp/language-reference/keywords/const,,,,none
net-types-14,1.1 Types and Memory,mcq,d2,mid,in parameter may silently pass a temporary copy,trade-off,https://learn.microsoft.com/en-us/dotnet/csharp/language-reference/keywords/method-parameters,,,,none
net-oop-01,1.2 OOP and Interfaces,qa,d1,junior,interface lets a class add capabilities beyond its single base,contrast,https://learn.microsoft.com/en-us/dotnet/csharp/fundamentals/object-oriented/inheritance,,net-oop-05,,none
net-oop-02,1.2 OOP and Interfaces,qa,d1,junior,constructor chaining with : this(...) removes duplicated initialization,scenario,https://learn.microsoft.com/en-us/dotnet/csharp/programming-guide/classes-and-structs/using-constructors,,,,compile
net-oop-03,1.2 OOP and Interfaces,qa,d1,junior,sealed override: allow subclassing but lock one override,scenario,https://learn.microsoft.com/en-us/dotnet/csharp/language-reference/keywords/sealed,,,,none
net-oop-04,1.2 OOP and Interfaces,qa,d1,junior,"override dispatches on run-time type, new hides by compile-time type",code-read,https://learn.microsoft.com/en-us/dotnet/csharp/fundamentals/object-oriented/polymorphism,,,,run
net-oop-05,1.2 OOP and Interfaces,qa,d1,junior,abstract class when implementations share instance state,why,https://learn.microsoft.com/en-us/dotnet/csharp/language-reference/keywords/interface,,net-oop-01,,none
net-oop-06,1.2 OOP and Interfaces,qa,d1,junior,composition over inheritance: inherit only for is-a,trade-off,https://learn.microsoft.com/en-us/dotnet/csharp/fundamentals/object-oriented/inheritance,,,,none
net-oop-07,1.2 OOP and Interfaces,mcq,d1,junior,explicit interface implementation for two same-signature members,scenario,https://learn.microsoft.com/en-us/dotnet/csharp/programming-guide/interfaces/explicit-interface-implementation,,,,none
net-oop-08,1.2 OOP and Interfaces,mcq,d1,junior,top-level class without modifier defaults to internal,scenario,https://learn.microsoft.com/en-us/dotnet/csharp/programming-guide/classes-and-structs/access-modifiers,,,,none
net-oop-09,1.2 OOP and Interfaces,qa,d2,mid,default interface member callable only through the interface,code-read,https://learn.microsoft.com/en-us/dotnet/csharp/programming-guide/interfaces/explicit-interface-implementation,,,,error:CS1061
net-oop-10,1.2 OOP and Interfaces,qa,d2,mid,applicable instance method beats a better-matching extension method,code-read,https://learn.microsoft.com/en-us/dotnet/csharp/programming-guide/classes-and-structs/extension-methods,,,,run
net-oop-11,1.2 OOP and Interfaces,mcq,d2,mid,private protected vs protected internal across assemblies,contrast,https://learn.microsoft.com/en-us/dotnet/csharp/programming-guide/classes-and-structs/access-modifiers,,,,none
net-oop-12,1.2 OOP and Interfaces,mcq,d2,mid,static constructor failure is permanent: TypeInitializationException,scenario,https://learn.microsoft.com/en-us/dotnet/csharp/programming-guide/classes-and-structs/static-constructors,,,,none
net-null-01,1.3 Nullability,qa,d1,junior,?? supplies a fallback; ??= assigns only when null,scenario,https://learn.microsoft.com/en-us/dotnet/csharp/language-reference/operators/null-coalescing-operator,,,,none
net-null-02,1.3 Nullability,qa,d1,junior,Nullable context is enabled by default in new project templates,why,https://learn.microsoft.com/en-us/dotnet/csharp/nullable-migration-strategies,,,5,none
net-null-03,1.3 Nullability,qa,d1,junior,"Nullable reference types are compile-time only, no runtime check",scenario,https://learn.microsoft.com/en-us/dotnet/csharp/nullable-references,,,,none
net-null-04,1.3 Nullability,mcq,d1,junior,is null bypasses a user-overloaded == operator,code-read,https://learn.microsoft.com/en-us/dotnet/csharp/language-reference/operators/patterns,,,,run
net-null-05,1.3 Nullability,mcq,d1,junior,Rejecting missing JSON properties at the deserialization boundary,scenario,https://learn.microsoft.com/en-us/dotnet/standard/serialization/system-text-json/required-properties,,net-null-08,,none
net-null-06,1.3 Nullability,qa,d2,mid,Dangers of the ! null-forgiving operator,trade-off,https://learn.microsoft.com/en-us/dotnet/csharp/nullable-references,,net-null-07,,none
net-null-07,1.3 Nullability,mcq,d2,mid,[NotNullWhen(true)] on a Try method's out parameter,code-read,https://learn.microsoft.com/en-us/dotnet/csharp/language-reference/attributes/nullable-analysis,,net-null-06,,fragment
net-null-08,1.3 Nullability,mcq,d2,mid,required members versus constructors: SetsRequiredMembers,contrast,https://learn.microsoft.com/en-us/dotnet/csharp/language-reference/keywords/required,,net-null-05,,none
net-generics-01,"1.4 Generics, Delegates and Lambdas",qa,d1,junior,why generics: compile-time type safety and no boxing,why,https://learn.microsoft.com/en-us/dotnet/standard/generics/,,,,none
net-generics-02,"1.4 Generics, Delegates and Lambdas",qa,d1,junior,choosing Func versus Action (and Predicate) for a callback,contrast,https://learn.microsoft.com/en-us/dotnet/csharp/language-reference/operators/lambda-expressions,,,,none
net-generics-03,"1.4 Generics, Delegates and Lambdas",qa,d1,junior,event keyword restricts outside code to += and -=,why,https://learn.microsoft.com/en-us/dotnet/csharp/distinguish-delegates-events,,,,none
net-generics-04,"1.4 Generics, Delegates and Lambdas",mcq,d1,junior,new() constraint enables new T(),code-read,https://learn.microsoft.com/en-us/dotnet/csharp/language-reference/keywords/where-generic-type-constraint,,,,error:CS0304
net-generics-05,"1.4 Generics, Delegates and Lambdas",qa,d2,mid,for-loop lambdas capture one shared iteration variable,code-read,https://learn.microsoft.com/en-us/dotnet/csharp/language-reference/language-specification/expressions,,,,run
net-generics-06,"1.4 Generics, Delegates and Lambdas",qa,d2,mid,exception in one handler skips later multicast handlers,scenario,https://learn.microsoft.com/en-us/dotnet/csharp/programming-guide/delegates/using-delegates,,,,none
net-generics-07,"1.4 Generics, Delegates and Lambdas",qa,d2,mid,statement lambdas cannot become expression trees,code-read,https://learn.microsoft.com/en-us/dotnet/csharp/advanced-topics/expression-trees/,,,,error:CS0834
net-generics-08,"1.4 Generics, Delegates and Lambdas",mcq,d2,mid,multicast delegate returns the last handler's value,code-read,https://learn.microsoft.com/en-us/dotnet/csharp/programming-guide/delegates/using-delegates,,,,run
net-generics-09,"1.4 Generics, Delegates and Lambdas",mcq,d2,mid,covariance of IEnumerable<out T> versus invariant List<T>,contrast,https://learn.microsoft.com/en-us/dotnet/standard/generics/covariance-and-contravariance,,,,none
net-generics-10,"1.4 Generics, Delegates and Lambdas",mcq,d2,mid,static lambda forbids capturing locals and this,why,https://learn.microsoft.com/en-us/dotnet/csharp/language-reference/operators/lambda-expressions,,,,none
net-coll-01,1.5 Collections,qa,d1,junior,HashSet<T> for fast membership checks instead of List.Contains,scenario,https://learn.microsoft.com/en-us/dotnet/api/system.collections.generic.hashset-1?view=net-8.0,,,,none
net-coll-02,1.5 Collections,qa,d1,junior,Queue<T> (FIFO) versus Stack<T> (LIFO),contrast,https://learn.microsoft.com/en-us/dotnet/standard/collections/selecting-a-collection-class,,,,none
net-coll-03,1.5 Collections,qa,d1,junior,TryGetValue versus ContainsKey followed by the indexer,why,https://learn.microsoft.com/en-us/dotnet/api/system.collections.generic.dictionary-2.trygetvalue?view=net-8.0,,,,compile
net-coll-04,1.5 Collections,mcq,d1,junior,List<T> growth: preset Capacity to avoid repeated reallocations,scenario,https://learn.microsoft.com/en-us/dotnet/standard/collections/,,,,none
net-coll-05,1.5 Collections,mcq,d1,junior,Removing items from a List<T> inside foreach,code-read,https://learn.microsoft.com/en-us/dotnet/api/system.collections.generic.list-1.enumerator.movenext?view=net-8.0,,,,compile
net-coll-06,1.5 Collections,mcq,d1,junior,Least-specialized collection type (IEnumerable<T>) for API parameters,why,https://learn.microsoft.com/en-us/dotnet/standard/design-guidelines/guidelines-for-collections,,,,none
net-coll-07,1.5 Collections,qa,d2,mid,Mutating a Dictionary key after insertion breaks lookups,code-read,https://learn.microsoft.com/en-us/dotnet/api/system.collections.generic.dictionary-2?view=net-8.0,,,,run
net-coll-08,1.5 Collections,qa,d2,mid,Read-only wrapper versus immutable collection,contrast,https://learn.microsoft.com/en-us/dotnet/api/system.collections.generic.list-1.asreadonly?view=net-8.0,,net-coll-10,,none
net-coll-09,1.5 Collections,mcq,d2,mid,"PriorityQueue<TElement,TPriority> does not keep FIFO order for ties",scenario,https://learn.microsoft.com/en-us/dotnet/api/system.collections.generic.priorityqueue-2?view=net-8.0,,,,none
net-coll-10,1.5 Collections,mcq,d2,mid,"FrozenDictionary for build-once, read-heavy lookups (net8)",trade-off,https://learn.microsoft.com/en-us/dotnet/core/whats-new/dotnet-8/runtime,net8,net-coll-08,,none
net-linq-01,1.6 LINQ,qa,d1,junior,Query syntax and method syntax are semantically identical,contrast,https://learn.microsoft.com/en-us/dotnet/csharp/linq/get-started/write-linq-queries,,,,none
net-linq-02,1.6 LINQ,qa,d1,junior,SelectMany flattens nested collections; Select keeps one result per source,scenario,https://learn.microsoft.com/en-us/dotnet/csharp/linq/standard-query-operators/projection-operations,,,,none
net-linq-03,1.6 LINQ,qa,d1,junior,First throws on empty; FirstOrDefault returns default,scenario,https://learn.microsoft.com/en-us/dotnet/api/system.linq.enumerable.first?view=net-8.0,,net-linq-13,,none
net-linq-04,1.6 LINQ,qa,d1,junior,Deferred execution: query sees source changes made before enumeration,code-read,https://learn.microsoft.com/en-us/dotnet/csharp/linq/get-started/introduction-to-linq-queries,,,,run
net-linq-05,1.6 LINQ,mcq,d1,junior,Any() instead of Count() > 0 for an emptiness check,why,https://learn.microsoft.com/en-us/dotnet/fundamentals/code-analysis/quality-rules/ca1827,,,,none
net-linq-06,1.6 LINQ,mcq,d1,junior,Secondary sort needs ThenBy; a second OrderBy replaces the primary order,contrast,https://learn.microsoft.com/en-us/dotnet/api/system.linq.enumerable.orderby?view=net-8.0,,,,none
net-linq-07,1.6 LINQ,mcq,d1,junior,Operators returning a scalar execute immediately,contrast,https://learn.microsoft.com/en-us/dotnet/csharp/linq/get-started/introduction-to-linq-queries,,,,none
net-linq-08,1.6 LINQ,qa,d2,mid,Returning IEnumerable from an EF repository moves filtering to memory,code-read,https://learn.microsoft.com/en-us/ef/core/querying/client-eval,,net-linq-12,,fragment
net-linq-09,1.6 LINQ,qa,d2,mid,Multiple enumeration of a deferred in-memory query repeats the work,code-read,https://learn.microsoft.com/en-us/dotnet/fundamentals/code-analysis/quality-rules/ca1851,,net-linq-10,,run
net-linq-10,1.6 LINQ,qa,d2,mid,A query should describe data; side-effecting actions belong in a foreach,trade-off,https://learn.microsoft.com/en-us/dotnet/csharp/linq/get-started/write-linq-queries,,net-linq-09,,fragment
net-linq-11,1.6 LINQ,qa,d2,mid,ToLookup builds a reusable one-to-many index; GroupBy regroups lazily,contrast,https://learn.microsoft.com/en-us/dotnet/api/system.linq.enumerable.tolookup?view=net-8.0,,,,none
net-linq-12,1.6 LINQ,mcq,d2,mid,IQueryable carries an expression tree a provider translates,why,https://learn.microsoft.com/en-us/dotnet/csharp/linq/standard-query-operators/,,net-linq-08,,none
net-linq-13,1.6 LINQ,mcq,d2,mid,Single enforces uniqueness; First silently takes the first match,scenario,https://learn.microsoft.com/en-us/dotnet/api/system.linq.enumerable.single?view=net-8.0,,net-linq-03,,none
net-linq-14,1.6 LINQ,mcq,d2,mid,MaxBy returns the element with the largest key,trade-off,https://learn.microsoft.com/en-us/dotnet/api/system.linq.enumerable.maxby?view=net-8.0,,,,none
net-exc-01,1.7 Exceptions,qa,d1,junior,"throw; preserves the stack trace, throw ex; resets it",contrast,https://learn.microsoft.com/en-us/dotnet/csharp/language-reference/statements/exception-handling-statements,,,10,none
net-exc-02,1.7 Exceptions,qa,d1,junior,using or finally guarantees cleanup when an exception is thrown,scenario,https://learn.microsoft.com/en-us/dotnet/standard/exceptions/best-practices-for-exceptions,,,,none
net-exc-03,1.7 Exceptions,qa,d1,junior,TryParse instead of Parse plus catch for routine bad input,why,https://learn.microsoft.com/en-us/dotnet/standard/exceptions/best-practices-for-exceptions,,,,none
net-exc-04,1.7 Exceptions,mcq,d1,junior,ArgumentNullException.ThrowIfNull for null argument checks,scenario,https://learn.microsoft.com/en-us/dotnet/standard/exceptions/best-practices-for-exceptions,,,,none
net-exc-05,1.7 Exceptions,mcq,d1,junior,Catch only exceptions you can recover from,trade-off,https://learn.microsoft.com/en-us/dotnet/standard/exceptions/best-practices-for-exceptions,,,,none
net-exc-06,1.7 Exceptions,qa,d2,mid,Exception filters run before the stack unwinds,why,https://learn.microsoft.com/en-us/dotnet/csharp/language-reference/statements/exception-handling-statements,,,,fragment
net-exc-07,1.7 Exceptions,qa,d2,mid,Wait()/Result wrap faults in AggregateException; await does not,code-read,https://learn.microsoft.com/en-us/dotnet/standard/parallel-programming/exception-handling-task-parallel-library,,,,run
net-exc-08,1.7 Exceptions,mcq,d2,mid,"Catch OperationCanceledException, not TaskCanceledException, for cancellation",contrast,https://learn.microsoft.com/en-us/dotnet/standard/exceptions/best-practices-for-exceptions,,,,none
net-modern-01,1.8 Modern C# (10-12),qa,d1,junior,Collection expression with spread element combines collections,scenario,https://learn.microsoft.com/en-us/dotnet/csharp/language-reference/operators/collection-expressions,,,,none
net-modern-02,1.8 Modern C# (10-12),qa,d1,junior,"init accessor: settable in object initializer, then immutable",contrast,https://learn.microsoft.com/en-us/dotnet/csharp/language-reference/keywords/init,,,,none
net-modern-03,1.8 Modern C# (10-12),qa,d1,junior,File-scoped namespace declaration (namespace X;),why,https://learn.microsoft.com/en-us/dotnet/csharp/language-reference/keywords/namespace,,,,none
net-modern-04,1.8 Modern C# (10-12),mcq,d1,junior,Implicit global usings generated by the SDK (ImplicitUsings),scenario,https://learn.microsoft.com/en-us/dotnet/core/project-sdk/overview,,,,none
net-modern-05,1.8 Modern C# (10-12),mcq,d1,junior,Positional record value equality with ==,contrast,https://learn.microsoft.com/en-us/dotnet/csharp/language-reference/builtin-types/record,,,,none
net-modern-06,1.8 Modern C# (10-12),qa,d2,mid,"Class primary-constructor parameters are captured parameters, not members",scenario,https://learn.microsoft.com/en-us/dotnet/csharp/whats-new/tutorials/primary-constructors,,net-modern-09,13,none
net-modern-07,1.8 Modern C# (10-12),qa,d2,mid,with expression makes a shallow copy of reference properties,code-read,https://learn.microsoft.com/en-us/dotnet/csharp/language-reference/builtin-types/record,,,,run
net-modern-08,1.8 Modern C# (10-12),qa,d2,mid,Non-exhaustive switch expression with property patterns throws at run time,code-read,https://learn.microsoft.com/en-us/dotnet/csharp/language-reference/operators/switch-expression,,,,compile
net-modern-09,1.8 Modern C# (10-12),mcq,d2,mid,Positional record struct properties are mutable; record class init-only,contrast,https://learn.microsoft.com/en-us/dotnet/csharp/language-reference/builtin-types/record,,net-modern-06,,none
net-modern-10,1.8 Modern C# (10-12),mcq,d2,mid,List pattern with slice pattern matches any middle length,scenario,https://learn.microsoft.com/en-us/dotnet/csharp/language-reference/operators/patterns,,,,none
net-modern-11,1.8 Modern C# (10-12),mcq,d2,mid,Multiline raw string literal strips indentation left of closing quotes,code-read,https://learn.microsoft.com/en-us/dotnet/csharp/language-reference/tokens/raw-string,,,,run
net-modern-12,1.8 Modern C# (10-12),mcq,d2,mid,Support lifecycle: .NET 8 LTS ends November 2026; move to .NET 10 LTS,trade-off,https://learn.microsoft.com/en-us/dotnet/core/releases-and-support,net8,,,none
net-async-01,2.1 Async and Task,qa,d1,junior,await suspends the method and frees the thread,scenario,https://learn.microsoft.com/en-us/dotnet/csharp/asynchronous-programming/async-scenarios,,,,none
net-async-02,2.1 Async and Task,qa,d1,junior,Sequential awaits versus starting independent tasks first,code-read,https://learn.microsoft.com/en-us/dotnet/csharp/asynchronous-programming/,,net-async-14,,compile
net-async-03,2.1 Async and Task,qa,d1,junior,async alone does not move CPU-bound work off the thread,why,https://learn.microsoft.com/en-us/dotnet/standard/asynchronous-programming-patterns/task-based-asynchronous-pattern-tap,,,,none
net-async-04,2.1 Async and Task,qa,d1,junior,Exceptions from async void cannot be caught by the caller,code-read,https://learn.microsoft.com/en-us/dotnet/csharp/asynchronous-programming/async-return-types,,,,compile
net-async-05,2.1 Async and Task,mcq,d1,junior,await Task.Delay instead of Thread.Sleep in async code,contrast,https://learn.microsoft.com/en-us/dotnet/standard/asynchronous-programming-patterns/consuming-the-task-based-asynchronous-pattern,,,,none
net-async-06,2.1 Async and Task,mcq,d1,junior,IAsyncEnumerable<T> with await foreach for items arriving over time,scenario,https://learn.microsoft.com/en-us/dotnet/csharp/asynchronous-programming/generate-consume-asynchronous-stream,,,,none
net-async-07,2.1 Async and Task,qa,d2,mid,Blocking on .Result/.Wait() starves the ASP.NET Core thread pool,scenario,https://learn.microsoft.com/en-us/aspnet/core/fundamentals/best-practices?view=aspnetcore-8.0,,,9,none
net-async-08,2.1 Async and Task,qa,d2,mid,await Task.Run in an ASP.NET Core action adds nothing,trade-off,https://learn.microsoft.com/en-us/aspnet/core/fundamentals/best-practices?view=aspnetcore-8.0,,,,none
net-async-09,2.1 Async and Task,qa,d2,mid,Bind CancellationToken (RequestAborted) and pass it down,scenario,https://learn.microsoft.com/en-us/aspnet/core/mvc/models/model-binding?view=aspnetcore-8.0,,,,none
net-async-10,2.1 Async and Task,qa,d2,mid,Eliding async/await inside a using disposes too early,code-read,https://learn.microsoft.com/en-us/dotnet/csharp/language-reference/statements/using,,,,compile
net-async-11,2.1 Async and Task,qa,d2,mid,Fire-and-forget Task.Run in a controller versus a hosted service,why,https://learn.microsoft.com/en-us/aspnet/core/fundamentals/best-practices?view=aspnetcore-8.0,,,,none
net-async-12,2.1 Async and Task,qa,d2,mid,Task<T> by default; ValueTask<T> only when measured,trade-off,https://learn.microsoft.com/en-us/dotnet/api/system.threading.tasks.valuetask-1?view=net-8.0,,,,none
net-async-13,2.1 Async and Task,mcq,d2,mid,"ConfigureAwait(false) in general-purpose libraries, not ASP.NET Core app code",contrast,https://learn.microsoft.com/en-us/dotnet/fundamentals/code-analysis/quality-rules/ca2007,,,8,none
net-async-14,2.1 Async and Task,mcq,d2,mid,await Task.WhenAll rethrows only the first exception,code-read,https://learn.microsoft.com/en-us/dotnet/standard/asynchronous-programming-patterns/consuming-the-task-based-asynchronous-pattern,,net-async-02,,run
net-async-16,2.1 Async and Task,mcq,d2,mid,Parallel.ForEachAsync bounds concurrency for async work,scenario,https://learn.microsoft.com/en-us/dotnet/api/system.threading.tasks.parallel.foreachasync?view=net-8.0,,,,none
net-async-15,2.1 Async and Task,mcq,d3,mid,Timeouts: CancelAfter on the token versus Task.WaitAsync,trade-off,https://learn.microsoft.com/en-us/dotnet/api/system.threading.tasks.task.waitasync?view=net-8.0,,,,none
net-conc-01,2.2 Concurrency and Thread Safety,qa,d1,junior,count++ on a shared field loses updates; use Interlocked.Increment,scenario,https://learn.microsoft.com/en-us/dotnet/standard/threading/managed-threading-best-practices,,,,none
net-conc-02,2.2 Concurrency and Thread Safety,qa,d2,mid,await inside lock does not compile; use SemaphoreSlim.WaitAsync,code-read,https://learn.microsoft.com/en-us/dotnet/csharp/language-reference/statements/lock,,,,error:CS1996
net-conc-03,2.2 Concurrency and Thread Safety,qa,d2,mid,GetOrAdd valueFactory can run more than once; wrap in Lazy<T>,code-read,https://learn.microsoft.com/en-us/dotnet/api/system.collections.concurrent.concurrentdictionary-2.getoradd?view=net-8.0,,,,compile
net-conc-04,2.2 Concurrency and Thread Safety,qa,d2,mid,"Parallel.ForEach is for CPU-bound work, async/await for I/O",trade-off,https://learn.microsoft.com/en-us/dotnet/csharp/asynchronous-programming/async-scenarios,,,,none
net-conc-05,2.2 Concurrency and Thread Safety,mcq,d2,mid,Bounded Channel<T> for producer/consumer with async back pressure,scenario,https://learn.microsoft.com/en-us/dotnet/core/extensions/channels,,,,none
net-conc-06,2.2 Concurrency and Thread Safety,mcq,d2,mid,"Choosing a lock object: avoid this, typeof, and strings",scenario,https://learn.microsoft.com/en-us/dotnet/csharp/language-reference/statements/lock,,,,none
net-gc-01,3.1 GC and IDisposable,qa,d1,junior,GC reclaims memory but never calls Dispose,why,https://learn.microsoft.com/en-us/dotnet/standard/garbage-collection/using-objects,,net-gc-07,,none
net-gc-02,3.1 GC and IDisposable,qa,d1,junior,Event subscription keeps short-lived subscribers alive (managed leak),scenario,https://learn.microsoft.com/en-us/dotnet/csharp/programming-guide/events/how-to-subscribe-to-and-unsubscribe-from-events,,,,none
net-gc-03,3.1 GC and IDisposable,qa,d1,junior,Generations exist because most objects die young,why,https://learn.microsoft.com/en-us/dotnet/standard/garbage-collection/fundamentals,,,,none
net-gc-04,3.1 GC and IDisposable,mcq,d1,junior,using declaration disposes at end of enclosing scope,code-read,https://learn.microsoft.com/en-us/dotnet/csharp/language-reference/statements/using,,net-gc-10,,run
net-gc-05,3.1 GC and IDisposable,mcq,d1,junior,Calling GC.Collect forces a blocking full collection,trade-off,https://learn.microsoft.com/en-us/dotnet/api/system.gc.collect?view=net-8.0,,,,none
net-gc-06,3.1 GC and IDisposable,qa,d2,mid,Large temporary arrays on the LOH trigger gen 2 collections,scenario,https://learn.microsoft.com/en-us/dotnet/standard/garbage-collection/large-object-heap,,,,none
net-gc-07,3.1 GC and IDisposable,qa,d2,mid,Unneeded finalizers cost performance; managed-only classes need none,trade-off,https://learn.microsoft.com/en-us/dotnet/csharp/programming-guide/classes-and-structs/finalizers,,net-gc-01,,none
net-gc-08,3.1 GC and IDisposable,qa,d2,mid,Managed leak: unbounded static cache keeps objects reachable,code-read,https://learn.microsoft.com/en-us/dotnet/core/diagnostics/debug-memory-leak,,,,compile
net-gc-09,3.1 GC and IDisposable,mcq,d2,mid,Many instances per host: workstation GC beats server GC,trade-off,https://learn.microsoft.com/en-us/dotnet/standard/garbage-collection/workstation-server-gc,,,,none
net-gc-10,3.1 GC and IDisposable,mcq,d2,mid,IAsyncDisposable-only type requires await using,code-read,https://learn.microsoft.com/en-us/dotnet/standard/garbage-collection/implementing-disposeasync,,net-gc-04,,error:CS8418
net-bcl-01,"3.2 BCL: HttpClient, JSON, Time",qa,d1,junior,New HttpClient per request exhausts sockets/ports,scenario,https://learn.microsoft.com/en-us/dotnet/fundamentals/networking/http/httpclient-guidelines,,net-bcl-04,1,none
net-bcl-02,"3.2 BCL: HttpClient, JSON, Time",qa,d1,junior,WebClient obsolete since .NET 6 (SYSLIB0014); use HttpClient,scenario,https://learn.microsoft.com/en-us/dotnet/fundamentals/syslib-diagnostics/syslib0014,,,2,none
net-bcl-03,"3.2 BCL: HttpClient, JSON, Time",qa,d1,junior,DateTimeOffset identifies an unambiguous instant; DateTime may not,why,https://learn.microsoft.com/en-us/dotnet/standard/datetime/choosing-between-datetime,,,,none
net-bcl-04,"3.2 BCL: HttpClient, JSON, Time",qa,d2,mid,Singleton HttpClient misses DNS changes; set PooledConnectionLifetime,trade-off,https://learn.microsoft.com/en-us/dotnet/fundamentals/networking/http/httpclient-guidelines,,net-bcl-01,,compile
net-bcl-06,"3.2 BCL: HttpClient, JSON, Time",qa,d2,mid,"Timer and timeout APIs accept a TimeProvider (.NET 8), so waits follow the injected clock",why,https://learn.microsoft.com/en-us/dotnet/standard/datetime/timeprovider-overview,net8,,,none
net-bcl-11,"3.2 BCL: HttpClient, JSON, Time",qa,d2,mid,"Ported plugin host: AppDomain.CreateDomain throws PlatformNotSupportedException on .NET 8; load/unload plugins with AssemblyLoadContext, use a separate process for real isolation",scenario,https://learn.microsoft.com/en-us/dotnet/core/porting/net-framework-tech-unavailable,,,15,none
net-bcl-07,"3.2 BCL: HttpClient, JSON, Time",mcq,d2,mid,System.Text.Json is case-sensitive by default outside ASP.NET Core,code-read,https://learn.microsoft.com/en-us/dotnet/standard/serialization/system-text-json/migrate-from-newtonsoft,,,6,run
net-bcl-08,"3.2 BCL: HttpClient, JSON, Time",mcq,d2,mid,Reuse one JsonSerializerOptions instance (.NET 8 web-defaults form),trade-off,https://learn.microsoft.com/en-us/dotnet/standard/serialization/system-text-json/configure-options,net8,,7,none
net-bcl-09,"3.2 BCL: HttpClient, JSON, Time",mcq,d2,mid,BinaryFormatter throws NotSupportedException at runtime in .NET 8,scenario,https://learn.microsoft.com/en-us/dotnet/core/compatibility/serialization/8.0/binaryformatter-disabled,net8,,3,none
net-bcl-10,"3.2 BCL: HttpClient, JSON, Time",mcq,d2,mid,JSON source generation for Native AOT and trimmed apps,trade-off,https://learn.microsoft.com/en-us/dotnet/standard/serialization/system-text-json/source-generation,,,,none
net-bcl-05,"3.2 BCL: HttpClient, JSON, Time",qa,d3,mid,Typed client captured in a singleton defeats IHttpClientFactory,code-read,https://learn.microsoft.com/en-us/dotnet/core/extensions/httpclient-factory,,,,fragment
asp-host-01,"4.1 Hosting, Configuration and Options",qa,d1,junior,"Minimal hosting: Program.cs only, Startup class optional",scenario,https://learn.microsoft.com/en-us/aspnet/core/migration/50-to-60?view=aspnetcore-8.0,,,4,none
asp-host-02,"4.1 Hosting, Configuration and Options",qa,d1,junior,DOTNET_ENVIRONMENT wins over ASPNETCORE_ENVIRONMENT with WebApplication,scenario,https://learn.microsoft.com/en-us/aspnet/core/fundamentals/environments?view=aspnetcore-8.0,,,,none
asp-host-03,"4.1 Hosting, Configuration and Options",qa,d1,junior,User secrets are unencrypted and for development only,why,https://learn.microsoft.com/en-us/aspnet/core/security/app-secrets?view=aspnetcore-8.0,,,,none
asp-host-04,"4.1 Hosting, Configuration and Options",mcq,d1,junior,Double underscore maps to colon in environment variable keys,scenario,https://learn.microsoft.com/en-us/aspnet/core/fundamentals/configuration/?view=aspnetcore-8.0,,,,none
asp-host-05,"4.1 Hosting, Configuration and Options",qa,d2,mid,"Template arguments bind by position, not placeholder name",code-read,https://learn.microsoft.com/en-us/aspnet/core/fundamentals/logging/?view=aspnetcore-8.0,,,,fragment
asp-host-06,"4.1 Hosting, Configuration and Options",qa,d2,mid,ValidateDataAnnotations plus ValidateOnStart for fail-fast options,trade-off,https://learn.microsoft.com/en-us/dotnet/core/extensions/options,,,,fragment
asp-host-07,"4.1 Hosting, Configuration and Options",qa,d2,mid,IOptions<T> does not see configuration changes after startup,scenario,https://learn.microsoft.com/en-us/aspnet/core/fundamentals/configuration/options?view=aspnetcore-8.0,,asp-host-08,,none
asp-host-08,"4.1 Hosting, Configuration and Options",mcq,d2,mid,"IOptionsSnapshot is scoped, so singletons need IOptionsMonitor",contrast,https://learn.microsoft.com/en-us/dotnet/core/extensions/options,,asp-host-07,,none
asp-host-09,"4.1 Hosting, Configuration and Options",mcq,d2,mid,Message templates keep structured fields; interpolation loses them,code-read,https://learn.microsoft.com/en-us/dotnet/fundamentals/code-analysis/quality-rules/ca2254,,,,compile
asp-host-10,"4.1 Hosting, Configuration and Options",mcq,d2,mid,Blocking work before the first await in ExecuteAsync stalls startup,code-read,https://learn.microsoft.com/en-us/aspnet/core/fundamentals/host/hosted-services?view=aspnetcore-8.0,net8,,,fragment
asp-di-01,4.2 Dependency Injection,qa,d1,junior,Why constructor injection instead of new-ing the dependency,why,https://learn.microsoft.com/en-us/dotnet/core/extensions/dependency-injection,,,,none
asp-di-02,4.2 Dependency Injection,qa,d1,junior,Scoped lifetime: one instance per scope (per request),scenario,https://learn.microsoft.com/en-us/dotnet/core/extensions/dependency-injection-usage,,,,none
asp-di-03,4.2 Dependency Injection,qa,d1,junior,Container owns disposal of services it creates,scenario,https://learn.microsoft.com/en-us/dotnet/core/extensions/dependency-injection-guidelines,,asp-di-09,,none
asp-di-04,4.2 Dependency Injection,mcq,d1,junior,"Two registrations: single resolve gets last, IEnumerable gets all",code-read,https://learn.microsoft.com/en-us/dotnet/core/extensions/dependency-injection/service-registration,,asp-di-11,,fragment
asp-di-05,4.2 Dependency Injection,mcq,d1,junior,Open generic registration covers every closed generic type,scenario,https://learn.microsoft.com/en-us/aspnet/core/fundamentals/dependency-injection?view=aspnetcore-8.0,,,,none
asp-di-06,4.2 Dependency Injection,qa,d2,mid,Captive dependency: singleton holding a scoped DbContext,scenario,https://learn.microsoft.com/en-us/dotnet/core/extensions/dependency-injection-guidelines,,asp-di-10,11,none
asp-di-07,4.2 Dependency Injection,qa,d2,mid,Scoped services inside a BackgroundService via IServiceScopeFactory,scenario,https://learn.microsoft.com/en-us/dotnet/core/extensions/dependency-injection,,,,fragment
asp-di-08,4.2 Dependency Injection,qa,d2,mid,"Service locator anti-pattern (injecting IServiceProvider, calling GetService)",why,https://learn.microsoft.com/en-us/dotnet/core/extensions/dependency-injection-guidelines,,,,none
asp-di-09,4.2 Dependency Injection,qa,d2,mid,Transient IDisposable resolved from root container leaks memory,code-read,https://learn.microsoft.com/en-us/dotnet/core/extensions/dependency-injection-guidelines,,asp-di-03,,fragment
asp-di-10,4.2 Dependency Injection,mcq,d2,mid,Scope validation throws in Development only,scenario,https://learn.microsoft.com/en-us/dotnet/core/extensions/dependency-injection/service-lifetimes,,asp-di-06,11,none
asp-di-11,4.2 Dependency Injection,mcq,d2,mid,TryAdd registers a default only if none exists,trade-off,https://learn.microsoft.com/en-us/dotnet/core/extensions/dependency-injection/service-registration,,asp-di-04,,none
asp-di-12,4.2 Dependency Injection,mcq,d2,mid,Keyed services with [FromKeyedServices] (new in .NET 8),contrast,https://learn.microsoft.com/en-us/dotnet/core/whats-new/dotnet-8/runtime,net8,,,none
asp-mw-01,4.3 Middleware Pipeline,qa,d1,junior,"Request flows through middleware in order, response in reverse",code-read,https://learn.microsoft.com/en-us/aspnet/core/fundamentals/middleware/?view=aspnetcore-8.0,,,,compile
asp-mw-02,4.3 Middleware Pipeline,qa,d1,junior,Run is terminal; middleware registered after it never runs,scenario,https://learn.microsoft.com/en-us/aspnet/core/fundamentals/middleware/?view=aspnetcore-8.0,,,,none
asp-mw-03,4.3 Middleware Pipeline,qa,d1,junior,Shape of a convention-based middleware class,scenario,https://learn.microsoft.com/en-us/aspnet/core/fundamentals/middleware/write?view=aspnetcore-8.0,,,,none
asp-mw-04,4.3 Middleware Pipeline,qa,d2,mid,UseWhen rejoins the main pipeline; MapWhen does not,contrast,https://learn.microsoft.com/en-us/aspnet/core/fundamentals/middleware/?view=aspnetcore-8.0,,,,none
asp-mw-05,4.3 Middleware Pipeline,qa,d2,mid,Changing headers after the response has started throws,code-read,https://learn.microsoft.com/en-us/aspnet/core/fundamentals/best-practices?view=aspnetcore-8.0,,,,compile
asp-mw-06,4.3 Middleware Pipeline,mcq,d2,mid,"Required order: UseCors, then UseAuthentication, then UseAuthorization",scenario,https://learn.microsoft.com/en-us/aspnet/core/fundamentals/middleware/?view=aspnetcore-8.0,,,16,none
asp-mw-07,4.3 Middleware Pipeline,mcq,d2,mid,IExceptionHandler returning false falls back to ProblemDetails response,scenario,https://learn.microsoft.com/en-us/aspnet/core/fundamentals/error-handling?view=aspnetcore-8.0,net8,,,none
asp-mw-08,4.3 Middleware Pipeline,mcq,d2,mid,Filters run after action selection; middleware runs for every request,contrast,https://learn.microsoft.com/en-us/aspnet/core/mvc/controllers/filters?view=aspnetcore-8.0,,,,none
asp-api-01,"4.4 Minimal APIs, Controllers, Filters",qa,d1,junior,Minimal APIs are the recommended default for new HTTP APIs,why,https://learn.microsoft.com/en-us/aspnet/core/fundamentals/apis?view=aspnetcore-8.0,,,,none
asp-api-02,"4.4 Minimal APIs, Controllers, Filters",qa,d1,junior,Handler parameter named like a route segment binds from the route,scenario,https://learn.microsoft.com/en-us/aspnet/core/fundamentals/minimal-apis/parameter-binding?view=aspnetcore-8.0,,,,none
asp-api-03,"4.4 Minimal APIs, Controllers, Filters",qa,d1,junior,MapGroup shares a route prefix and conventions across endpoints,scenario,https://learn.microsoft.com/en-us/aspnet/core/fundamentals/minimal-apis/route-handlers?view=aspnetcore-8.0,,,,none
asp-api-04,"4.4 Minimal APIs, Controllers, Filters",qa,d1,junior,[ApiController] returns 400 automatically on invalid model state,scenario,https://learn.microsoft.com/en-us/aspnet/core/web-api/?view=aspnetcore-8.0,,asp-api-10,,none
asp-api-05,"4.4 Minimal APIs, Controllers, Filters",mcq,d1,junior,CreatedAtAction returns 201 with a Location header,contrast,https://learn.microsoft.com/en-us/aspnet/core/web-api/action-return-types?view=aspnetcore-8.0,,,,none
asp-api-06,"4.4 Minimal APIs, Controllers, Filters",mcq,d1,junior,Route constraints are not input validation: failures give 404,scenario,https://learn.microsoft.com/en-us/aspnet/core/fundamentals/routing?view=aspnetcore-8.0,,,,none
asp-api-07,"4.4 Minimal APIs, Controllers, Filters",qa,d2,mid,Only one parameter may bind from the request body,scenario,https://learn.microsoft.com/en-us/aspnet/core/web-api/?view=aspnetcore-8.0,,,,none
asp-api-08,"4.4 Minimal APIs, Controllers, Filters",qa,d2,mid,"Mixed TypedResults need a declared Results<T1, T2> return type",code-read,https://learn.microsoft.com/en-us/aspnet/core/fundamentals/minimal-apis/responses?view=aspnetcore-8.0,,asp-api-11,,error:CS8917
asp-api-09,"4.4 Minimal APIs, Controllers, Filters",qa,d2,mid,MVC filter scopes nest: global surrounds controller surrounds action,scenario,https://learn.microsoft.com/en-us/aspnet/core/mvc/controllers/filters?view=aspnetcore-8.0,,asp-api-12,,none
asp-api-10,"4.4 Minimal APIs, Controllers, Filters",mcq,d2,mid,Non-nullable properties are implicitly required in MVC validation,code-read,https://learn.microsoft.com/en-us/aspnet/core/mvc/models/validation?view=aspnetcore-8.0,,asp-api-04,5,compile
asp-api-11,"4.4 Minimal APIs, Controllers, Filters",mcq,d2,mid,ActionResult<T> lets an action return T or an ActionResult,contrast,https://learn.microsoft.com/en-us/aspnet/core/web-api/action-return-types?view=aspnetcore-8.0,,asp-api-08,,none
asp-api-12,"4.4 Minimal APIs, Controllers, Filters",mcq,d2,mid,"Endpoint filters: before-code FIFO, after-code FILO",code-read,https://learn.microsoft.com/en-us/aspnet/core/fundamentals/minimal-apis/min-api-filters?view=aspnetcore-8.0,,asp-api-09,,compile
asp-auth-01,4.5 Auth and CORS,qa,d1,junior,"Authentication vs authorization: signed-in user denied gets 403, not 401",contrast,https://learn.microsoft.com/en-us/aspnet/core/security/authentication/?view=aspnetcore-8.0,,,,none
asp-auth-02,4.5 Auth and CORS,qa,d2,mid,UseAuthentication must run before UseAuthorization,code-read,https://learn.microsoft.com/en-us/aspnet/core/security/authentication/?view=aspnetcore-8.0,,,16,fragment
asp-auth-03,4.5 Auth and CORS,qa,d2,mid,JWT audience validation rejects tokens issued for another API,scenario,https://learn.microsoft.com/en-us/aspnet/core/security/authentication/configure-jwt-bearer-authentication?view=aspnetcore-8.0,,,,none
asp-auth-04,4.5 Auth and CORS,qa,d2,mid,"CORS is enforced by the browser, not API protection",why,https://learn.microsoft.com/en-us/aspnet/core/security/cors?view=aspnetcore-8.0,,,,none
asp-auth-05,4.5 Auth and CORS,mcq,d2,mid,Policy OR logic: multiple handlers for one requirement,trade-off,https://learn.microsoft.com/en-us/aspnet/core/security/authorization/policies?view=aspnetcore-8.0,,,,none
ef-query-01,5.1 EF Core Querying and Tracking,qa,d1,junior,AsNoTracking for read-only queries,why,https://learn.microsoft.com/en-us/ef/core/querying/tracking,,,,none
ef-query-02,5.1 EF Core Querying and Tracking,qa,d1,junior,Include/ThenInclude eagerly load related data,scenario,https://learn.microsoft.com/en-us/ef/core/querying/related-data/eager,,ef-query-06,,none
ef-query-03,5.1 EF Core Querying and Tracking,qa,d1,junior,Async query methods free the request thread,why,https://learn.microsoft.com/en-us/ef/core/miscellaneous/async,,,,none
ef-query-04,5.1 EF Core Querying and Tracking,mcq,d1,junior,Migrations rather than EnsureCreated for an evolving production schema,contrast,https://learn.microsoft.com/en-us/ef/core/managing-schemas/migrations/,,,,none
ef-query-05,5.1 EF Core Querying and Tracking,qa,d2,mid,Scoped DbContext is not safe for parallel operations,code-read,https://learn.microsoft.com/en-us/ef/core/dbcontext-configuration/,,,12,fragment
ef-query-06,5.1 EF Core Querying and Tracking,qa,d2,mid,Lazy loading causes the N+1 query problem,code-read,https://learn.microsoft.com/en-us/ef/core/performance/efficient-querying,,ef-query-02,,fragment
ef-query-07,5.1 EF Core Querying and Tracking,qa,d2,mid,Sibling collection Includes cause cartesian explosion; AsSplitQuery,scenario,https://learn.microsoft.com/en-us/ef/core/querying/single-split-queries,,,,none
ef-query-08,5.1 EF Core Querying and Tracking,qa,d2,mid,FromSql interpolation parameterizes; FromSqlRaw concatenation risks injection,contrast,https://learn.microsoft.com/en-us/ef/core/querying/sql-queries,,,,none
ef-query-09,5.1 EF Core Querying and Tracking,qa,d2,mid,ExecuteUpdate bypasses the change tracker,code-read,https://learn.microsoft.com/en-us/ef/core/saving/execute-insert-update-delete,,,,fragment
ef-query-10,5.1 EF Core Querying and Tracking,mcq,d2,mid,Projecting to a DTO fetches only needed columns,trade-off,https://learn.microsoft.com/en-us/ef/core/querying/single-split-queries,,,,none
ef-query-11,5.1 EF Core Querying and Tracking,mcq,d2,mid,Deferred execution: SQL runs only when results are consumed,code-read,https://learn.microsoft.com/en-us/ef/core/querying/how-query-works,,,,fragment
ef-query-12,5.1 EF Core Querying and Tracking,mcq,d2,mid,"Records are not appropriate as EF Core entity types: value equality and non-destructive mutation clash with change tracking and reference identity; use classes for entities, records for DTOs/value objects",trade-off,https://learn.microsoft.com/en-us/dotnet/csharp/language-reference/builtin-types/record,,,14,none
ef-query-13,5.1 EF Core Querying and Tracking,mcq,d2,mid,Find checks tracked entities before querying; FirstOrDefault always queries,contrast,https://learn.microsoft.com/en-us/ef/core/change-tracking/entity-entries,,,,none
ef-query-14,5.1 EF Core Querying and Tracking,mcq,d3,mid,DbContext pooling reuses instances; OnConfiguring runs once,trade-off,https://learn.microsoft.com/en-us/ef/core/performance/advanced-performance-topics,,,,none
ef-tx-01,5.2 Transactions and Indexes,qa,d1,junior,One SaveChanges call is applied atomically in a transaction,scenario,https://learn.microsoft.com/en-us/ef/core/saving/transactions,,ef-tx-03,,none
ef-tx-02,5.2 Transactions and Indexes,qa,d1,junior,Unique index with HasIndex().IsUnique() enforces no duplicates,scenario,https://learn.microsoft.com/en-us/ef/core/modeling/indexes,,,,fragment
ef-tx-03,5.2 Transactions and Indexes,qa,d2,mid,Explicit transaction spanning several SaveChanges calls,scenario,https://learn.microsoft.com/en-us/ef/core/saving/transactions,,ef-tx-01,,none
ef-tx-05,5.2 Transactions and Indexes,mcq,d2,mid,Concurrency token makes stale UPDATE throw DbUpdateConcurrencyException,scenario,https://learn.microsoft.com/en-us/ef/core/saving/concurrency,,,,none
ef-tx-06,5.2 Transactions and Indexes,mcq,d2,mid,Keyset pagination instead of Skip/Take for deep pages,code-read,https://learn.microsoft.com/en-us/ef/core/querying/pagination,,,,fragment
ef-tx-04,5.2 Transactions and Indexes,qa,d3,mid,Retrying execution strategy requires wrapping user transactions in ExecuteAsync,trade-off,https://learn.microsoft.com/en-us/ef/core/miscellaneous/connection-resiliency,,,,fragment
net-test-01,6.1 Unit and Integration Testing,qa,d1,junior,Unit test vs integration test: infrastructure is the dividing line,contrast,https://learn.microsoft.com/en-us/dotnet/core/testing/,,,,none
net-test-02,6.1 Unit and Integration Testing,qa,d1,junior,xUnit [Theory] with [InlineData] instead of copied [Fact] tests,scenario,https://learn.microsoft.com/en-us/dotnet/core/testing/unit-testing-csharp-with-xunit,,,,none
net-test-03,6.1 Unit and Integration Testing,qa,d1,junior,Arrange-Act-Assert keeps one clearly separated behavior per test,why,https://learn.microsoft.com/en-us/dotnet/core/testing/unit-testing-best-practices,,,,none
net-test-04,6.1 Unit and Integration Testing,mcq,d1,junior,Test private helpers through the public method that calls them,scenario,https://learn.microsoft.com/en-us/dotnet/core/testing/unit-testing-best-practices,,,,none
net-test-05,6.1 Unit and Integration Testing,qa,d2,mid,Stub vs mock: a fake becomes a mock only when asserted,code-read,https://learn.microsoft.com/en-us/dotnet/core/testing/unit-testing-best-practices,,,,fragment
net-test-06,6.1 Unit and Integration Testing,qa,d2,mid,public partial class Program exposes top-level Program to tests,scenario,https://learn.microsoft.com/en-us/aspnet/core/test/integration-tests?view=aspnetcore-8.0,,,,none
net-test-08,6.1 Unit and Integration Testing,qa,d2,mid,FakeTimeProvider makes time-dependent logic testable without waiting,scenario,https://learn.microsoft.com/en-us/dotnet/standard/datetime/timeprovider-overview,net8,,17,fragment
net-test-09,6.1 Unit and Integration Testing,mcq,d2,mid,EF Core in-memory provider does not support transactions,scenario,https://learn.microsoft.com/en-us/ef/core/testing/testing-without-the-database,,,,none
net-test-10,6.1 Unit and Integration Testing,mcq,d2,mid,IClassFixture shares one expensive object across a class's tests,trade-off,https://learn.microsoft.com/en-us/aspnet/core/test/integration-tests?view=aspnetcore-8.0,,,,none
net-test-11,6.1 Unit and Integration Testing,mcq,d2,mid,WithWebHostBuilder + ConfigureTestServices replaces a service per test,scenario,https://learn.microsoft.com/en-us/aspnet/core/test/integration-tests?view=aspnetcore-8.0,,,,none
net-test-12,6.1 Unit and Integration Testing,mcq,d2,mid,"Fake HttpMessageHandler, not HttpClient, to control HTTP responses",why,https://learn.microsoft.com/en-us/dotnet/api/system.net.http.httpmessagehandler?view=net-8.0,,,,none
net-design-01,7.1 Design Principles,qa,d1,junior,SRP: one responsibility means one reason to change,scenario,https://learn.microsoft.com/en-us/dotnet/architecture/modern-web-apps-azure/architectural-principles,,,,none
net-design-02,7.1 Design Principles,qa,d1,junior,Dependency inversion principle versus dependency injection technique,contrast,https://learn.microsoft.com/en-us/dotnet/architecture/modern-web-apps-azure/architectural-principles,,,,none
net-design-03,7.1 Design Principles,qa,d2,mid,OCP: add a new class instead of editing a switch,code-read,https://learn.microsoft.com/en-us/dotnet/architecture/modern-web-apps-azure/develop-asp-net-core-mvc-apps,,,,fragment
net-design-04,7.1 Design Principles,qa,d2,mid,"Clean architecture: Infrastructure references Core, never the reverse",scenario,https://learn.microsoft.com/en-us/dotnet/architecture/modern-web-apps-azure/common-web-application-architectures,,,,none
net-design-06,7.1 Design Principles,qa,d2,mid,YAGNI in a shared library: speculative public extension points cannot be removed without breaking consumers,trade-off,https://learn.microsoft.com/en-us/dotnet/standard/design-guidelines/designing-for-extensibility,,,,none
net-design-07,7.1 Design Principles,mcq,d2,mid,LSP: an implementation must not add preconditions to the contract,code-read,https://learn.microsoft.com/en-us/dotnet/standard/design-guidelines/abstractions-abstract-types-and-interfaces,,,,compile
net-design-08,7.1 Design Principles,mcq,d2,mid,ISP via options: depend only on the settings you use,scenario,https://learn.microsoft.com/en-us/dotnet/core/extensions/options,,,,none
net-design-05,7.1 Design Principles,qa,d3,mid,Custom repository over EF Core DbContext: when it pays off,trade-off,https://learn.microsoft.com/en-us/dotnet/architecture/microservices/microservice-ddd-cqrs-patterns/infrastructure-persistence-layer-implementation-entity-framework-core,,,,none
